P,COASTAL,GDART,JRanger,JayHorn,JBMC,JDart,MLB,SWS,SWAT
MinePump/spec1-5_product1.ymlassert_javafalse,false,false,false,false,false,false,false,false,false
MinePump/spec1-5_product10.ymlassert_javafalse,false,false,false,false,false,false,false,false,false
MinePump/spec1-5_product11.ymlassert_javafalse,false,false,false,false,false,false,false,false,false
MinePump/spec1-5_product12.ymlassert_javafalse,false,false,false,false,false,false,false,false,false
MinePump/spec1-5_product13.ymlassert_javafalse,false,false,false,false,false,false,false,false,false
MinePump/spec1-5_product14.ymlassert_javafalse,false,false,false,false,false,false,false,false,false
MinePump/spec1-5_product15.ymlassert_javafalse,false,false,false,false,false,false,false,false,false
MinePump/spec1-5_product16.ymlassert_javafalse,false,false,false,false,false,false,false,false,false
MinePump/spec1-5_product17.ymlassert_javafalse,false,false,false,false,false,false,false,false,false
MinePump/spec1-5_product18.ymlassert_javafalse,false,false,false,false,false,false,false,false,false
MinePump/spec1-5_product19.ymlassert_javafalse,false,false,false,false,false,false,false,false,false
MinePump/spec1-5_product2.ymlassert_javafalse,false,false,false,false,false,false,false,false,false
MinePump/spec1-5_product20.ymlassert_javafalse,false,false,false,false,false,false,false,false,false
MinePump/spec1-5_product21.ymlassert_javafalse,false,false,false,false,false,false,false,false,false
MinePump/spec1-5_product22.ymlassert_javafalse,false,false,false,false,false,false,false,false,false
MinePump/spec1-5_product23.ymlassert_javafalse,false,false,false,false,false,false,false,false,false
MinePump/spec1-5_product24.ymlassert_javafalse,false,false,false,false,false,false,false,false,false
MinePump/spec1-5_product25.ymlassert_javafalse,false,false,false,false,false,false,false,false,false
MinePump/spec1-5_product26.ymlassert_javafalse,false,false,false,false,false,false,false,false,false
MinePump/spec1-5_product27.ymlassert_javafalse,false,false,false,false,false,false,false,false,false
MinePump/spec1-5_product28.ymlassert_javafalse,false,false,false,false,false,false,false,false,false
MinePump/spec1-5_product29.ymlassert_javafalse,false,false,false,false,false,false,false,false,false
MinePump/spec1-5_product3.ymlassert_javafalse,false,false,false,false,false,false,false,false,false
MinePump/spec1-5_product30.ymlassert_javafalse,false,false,false,false,false,false,false,false,false
MinePump/spec1-5_product31.ymlassert_javafalse,false,false,false,false,false,false,false,false,false
MinePump/spec1-5_product32.ymlassert_javafalse,false,false,false,false,false,false,false,false,false
MinePump/spec1-5_product33.ymlassert_javafalse,false,false,false,false,false,false,false,false,false
MinePump/spec1-5_product34.ymlassert_javafalse,false,false,false,false,false,false,false,false,false
MinePump/spec1-5_product35.ymlassert_javafalse,false,false,false,false,false,false,false,false,false
MinePump/spec1-5_product36.ymlassert_javafalse,false,false,false,false,false,false,false,false,false
MinePump/spec1-5_product37.ymlassert_javafalse,false,false,false,false,false,false,false,false,false
MinePump/spec1-5_product38.ymlassert_javafalse,false,false,false,false,false,false,false,false,false
MinePump/spec1-5_product39.ymlassert_javafalse,false,false,false,false,false,false,false,false,false
MinePump/spec1-5_product4.ymlassert_javafalse,false,false,false,false,false,false,false,false,false
MinePump/spec1-5_product40.ymlassert_javafalse,false,false,false,false,false,false,false,false,false
MinePump/spec1-5_product41.ymlassert_javafalse,false,false,false,false,false,false,false,false,false
MinePump/spec1-5_product42.ymlassert_javafalse,false,false,false,false,false,false,false,false,false
MinePump/spec1-5_product43.ymlassert_javafalse,false,false,false,false,false,false,false,false,false
MinePump/spec1-5_product44.ymlassert_javafalse,false,false,false,false,false,false,false,false,false
MinePump/spec1-5_product45.ymlassert_javafalse,false,false,false,false,false,false,false,false,false
MinePump/spec1-5_product46.ymlassert_javafalse,false,false,false,false,false,false,false,false,false
MinePump/spec1-5_product47.ymlassert_javafalse,false,false,false,false,false,false,false,false,false
MinePump/spec1-5_product48.ymlassert_javafalse,false,false,false,false,false,false,false,false,false
MinePump/spec1-5_product49.ymlassert_javafalse,false,false,false,false,false,false,false,false,false
MinePump/spec1-5_product5.ymlassert_javafalse,false,false,false,false,false,false,false,false,false
MinePump/spec1-5_product50.ymlassert_javafalse,false,false,false,false,false,false,false,false,false
MinePump/spec1-5_product51.ymlassert_javafalse,false,false,false,false,false,false,false,false,false
MinePump/spec1-5_product52.ymlassert_javafalse,false,false,false,false,false,false,false,false,false
MinePump/spec1-5_product53.ymlassert_javafalse,false,false,false,false,false,false,false,false,false
MinePump/spec1-5_product54.ymlassert_javafalse,false,false,false,false,false,false,false,false,false
MinePump/spec1-5_product55.ymlassert_javafalse,false,false,false,false,false,false,false,false,false
MinePump/spec1-5_product56.ymlassert_javafalse,false,false,false,false,false,false,false,false,false
MinePump/spec1-5_product6.ymlassert_javafalse,false,false,false,false,false,false,false,false,false
MinePump/spec1-5_product7.ymlassert_javafalse,false,false,false,false,false,false,false,false,false
MinePump/spec1-5_product8.ymlassert_javafalse,false,false,false,false,false,false,false,false,false
MinePump/spec1-5_product9.ymlassert_javafalse,false,false,false,false,false,false,false,false,false
